sai,doc/ACL/Chained-ACL-Groups.md,JaiOCP,2023-05-24T05:04:30Z
sai,doc/ACL/Pre-Ingress-ACL.md,erohsik,2021-03-16T18:48:52Z
sai,doc/ACL/SAI-Proposal-ACL-1.md,zubinshah,2016-12-08T16:49:19Z
sai,doc/ACL/SAI-Proposal-Exact-Match.md,msomasundaran,2023-03-09T04:46:07Z
sai,doc/ACL/UDF-based-ACL.md,JaiOCP,2020-09-26T14:03:10Z
sai,doc/ARS/Adaptive-Routing-and-Switching.md,JaiOCP,2023-02-23T16:21:18Z
sai,doc/BFD/Seamless-BFD.md,j-bos,2025-11-17T22:22:31Z
sai,doc/CSIG/SAI-CSIG-Spec.md,JaiOCP,2026-02-09T22:05:13Z
sai,doc/DTEL/SAI-Proposal-Data-Plane-Telemetry.md,xiaozhou,2017-12-13T08:31:55Z
sai,doc/ECMP/Class-Based-Forwarding.md,j-bos,2021-08-27T17:01:32Z
sai,doc/ECMP/Hierarchical-ECMP.md,JaiOCP,2022-12-04T00:24:51Z
sai,doc/ECMP/NextHopGroup_with_members.md,erohsik,2024-11-12T21:31:56Z
sai,doc/ECMP/Ordered_and_Fine_Grained_ECMP.md,marian-pritsak,2020-04-17T01:57:28Z
sai,doc/FEC/FEC-configuration.md,mikeberesford,2021-06-03T15:19:26Z
sai,doc/Hash/Policy-based-hash.md,marian-pritsak,2020-06-25T01:50:37Z
sai,doc/Hash/SAI-Proposal-Hashing-Mechanism-for-Efficient-RoCE-Traffic-Distribution.md,sathk-marvell,2025-03-24T16:07:11Z
sai,doc/Host-Interface/Host-Interface-oper-status-Update-Modes.md,Ashish1805,2023-03-16T05:04:55Z
sai,doc/IP-Multicast/MulticastNextHopRewrite.md,mholankar,2024-08-05T16:55:03Z
sai,doc/IP-Multicast/MulticastWithMembers.md,erohsik,2025-02-26T00:02:02Z
sai,doc/IPsec/SAI_IPsec_API_Proposal.md,dipankar-ba,2021-09-15T00:21:17Z
sai,doc/LLR/SAI-Link_Layer_Retry.md,rck-innovium,2026-01-08T16:15:01Z
sai,doc/MPLS/SAI-Proposal-MPLS-Outsegment.md,phshaikh,2020-06-09T17:35:46Z
sai,doc/My-Mac.md,erohsik,2021-08-26T05:43:48Z
sai,doc/NAT/SAI-NAT-API.md,JaiOCP,2019-09-03T19:06:00Z
sai,doc/Override-VRF.md,JaiOCP,2021-03-09T06:37:34Z
sai,doc/Packet-action-DONOTDROP.md,Ashish1805,2022-06-02T05:40:45Z
sai,doc/QOS/SAI-Proposal-QOS-Overview.md,Guohan Lu<gulv@microsoft.com>,2015-05-13T07:28:30Z
sai,doc/SAI-CRM-Workflow.md,JaiOCP,2023-09-01T05:19:50Z
sai,doc/SAI-Counter-enhancement-hld.md,rajkumar38,2024-10-07T06:25:22Z
sai,doc/SAI-Extensions.md,mikelazar,2018-07-03T16:53:57Z
sai,doc/SAI-IPv6-Segment-Routing-Update.md,ashutosh-agrawal,2021-06-24T02:11:24Z
sai,doc/SAI-IPv6-Segment-Routing-VPN.md,rameshms-work,2023-03-14T05:22:18Z
sai,doc/SAI-Isolation-Group.md,karthik-krishnamurthy,2018-08-10T10:17:31Z
sai,doc/SAI-Proposal-13-Hash-UDF.md,Guohan Lu<gulv@microsoft.com>,2015-05-28T17:41:59Z
sai,doc/SAI-Proposal-15-UOM.md,lguohan,2016-11-03T14:07:39Z
sai,doc/SAI-Proposal-7-UOID.md,lguohan<gulv@microsoft.com>,2015-02-25T10:51:22Z
sai,doc/SAI-Proposal-CMIS-Module-Management.md,qicen,2023-08-08T15:43:03Z
sai,doc/SAI-Proposal-Critical-Resrouce.md,lguohan,2017-06-01T23:54:05Z
sai,doc/SAI-Proposal-Debug-Counters.md,itaibaz,2019-09-05T15:12:32Z
sai,doc/SAI-Proposal-Default-Buffer-Pools.md,james-jra,2025-06-12T16:37:05Z
sai,doc/SAI-Proposal-ECMP-Member-Count.md,JaiOCP,2022-04-04T18:22:32Z
sai,doc/SAI-Proposal-Extended-Port-Notification.md,kcudnik,2024-12-05T17:25:26Z
sai,doc/SAI-Proposal-FRR.md,michaelsiuda,2017-07-13T19:30:32Z
sai,doc/SAI-Proposal-Fast-Linkup.md,iamjustadd,2025-09-26T15:36:43Z
sai,doc/SAI-Proposal-Generic-Counters.md,marian-pritsak,2019-06-20T16:24:12Z
sai,doc/SAI-Proposal-Generic-Resource-Monitoring.md,marian-pritsak,2019-07-23T17:19:47Z
sai,doc/SAI-Proposal-Global-PTP-Configuration.md,rdsugarmannv,2025-03-21T05:48:34Z
sai,doc/SAI-Proposal-HW-FRR.md,JaiOCP,2024-10-09T20:21:04Z
sai,doc/SAI-Proposal-HW-Resource.md,JaiOCP,2022-08-18T03:33:23Z
sai,doc/SAI-Proposal-Hash-Algorithm-Round-Robin.md,dkadia-marvell,2025-03-07T17:34:20Z
sai,doc/SAI-Proposal-ICMP-ECHO.md,chikkaiah-work,2024-07-10T21:05:30Z
sai,doc/SAI-Proposal-IPv6_Segment_Routing-1.md,shihjeff,2017-06-01T08:17:39Z
sai,doc/SAI-Proposal-L3-Rewrite-disable.md,vivekmoorthy,2024-01-10T21:25:34Z
sai,doc/SAI-Proposal-Mirror-session-encap-type.md,ppanara-marvell,2025-03-13T18:35:41Z
sai,doc/SAI-Proposal-PFC_Deadlock_State.md,miheot,2021-11-16T22:13:57Z
sai,doc/SAI-Proposal-PRBS-Per-Lane-Enhancements.md,sdasgupta-marvell,2025-10-10T17:10:32Z
sai,doc/SAI-Proposal-Packet-Trimming.md,marian-pritsak,2025-01-23T06:07:53Z
sai,doc/SAI-Proposal-PoE.md,DanielaMurin,2024-04-17T21:05:53Z
sai,doc/SAI-Proposal-Prefix-Compression.md,nadershinouda,2024-11-13T22:47:40Z
sai,doc/SAI-Proposal-QinQ-VXLAN.md,lguohan,2017-08-04T04:48:54Z
sai,doc/SAI-Proposal-SAI-PTF.md,pkochmanska,2021-12-09T06:08:59Z
sai,doc/SAI-Proposal-SRv6-Path-Tracing.md,aparnapattekar-gh,2023-08-23T06:34:24Z
sai,doc/SAI-Proposal-versioning.md,ravi861,2021-03-13T19:22:39Z
sai,doc/SAI_1.10.2_ReleaseNotes.md,kannankvs,2022-08-29T16:17:13Z
sai,doc/SAI_1.11.0_ReleaseNotes.md,kannankvs,2023-03-16T02:38:05Z
sai,doc/SAI_1.12.0_ReleaseNotes.md,kannankvs,2023-08-24T15:23:40Z
sai,doc/SAI_1.13.3_ReleaseNotes.md,kannankvs,2024-02-02T16:37:30Z
sai,doc/SAI_1.14.0_ReleaseNotes.md,prasanna228,2024-08-24T01:17:14Z
sai,doc/SAI_1.15.1_ReleaseNotes.md,prasanna228,2024-12-31T00:14:27Z
sai,doc/SAI_1.16.1_ReleaseNotes.md,prasanna228,2025-06-16T21:41:13Z
sai,doc/SAI_1.5_ReleaseNotes.md,kannankvs,2019-09-12T04:18:11Z
sai,doc/SAI_1.6.3_ReleaseNotes.md,pyuvarajan,2020-11-21T03:01:53Z
sai,doc/SAI_1.7.1_ReleaseNotes.md,kannankvs,2021-04-21T15:54:04Z
sai,doc/SAI_1.8.1 Release notes.md,kannankvs,2021-09-22T20:13:05Z
sai,doc/SAI_1.9.1_ReleaseNotes.md,kannankvs,2022-03-25T04:51:27Z
sai,doc/SAI_LPO_Attributes.md,pullaraogunda,2025-09-05T09:18:44Z
sai,doc/SAI_Proposal_Generic_Extensions.md,ravi861,2022-09-29T01:07:08Z
sai,doc/Samplepacket/SAI-Proposal-Samplepacket_truncation.md,rck-innovium,2024-09-19T17:06:55Z
sai,doc/SyncE/SAI-Proposal-SyncE.md,rpmarvell,2025-03-24T20:16:45Z
sai,doc/TAM/Granular-Counter-Subscription.md,j-bos,2023-12-18T16:55:57Z
sai,doc/TAM/SAI-Proposal-TAM-MOD-Localhost.md,rck-innovium,2024-04-04T18:03:58Z
sai,doc/TAM/SAI-Proposal-TAM-stream-telemetry.md,Pterosaur,2024-12-10T09:36:36Z
sai,doc/TAM/SAI-TAM-enhancements.md,rajkumar38,2025-03-18T06:39:57Z
sai,doc/TPID/TPID_SAI_proposal.md,gechiang,2020-06-11T20:30:05Z
sai,doc/TWAMP/SAI-Proposal-TWAMP-LIGHT.md,AlanYoush,2023-08-31T14:43:10Z
sai,doc/VoQ/SAI-Proposal-VoQ-Switch.md,michaelli10,2020-06-15T20:04:56Z
sai,doc/behavioral model/NAT_SAI_Pipeline_Spec.md,JaiOCP,2019-09-03T19:06:00Z
sai,doc/cable_diag/cable_diag.md,prafull-brcm,2024-01-10T21:26:17Z
sai,doc/fips/SAI-Proposal-FIPS-Compliance.md,JaiOCP,2025-05-08T18:05:25Z
sai,doc/macsec-gearbox/Copper_PHY_Attributes_Proposal.md,SidharajU,2021-06-17T01:17:53Z
sai,doc/macsec-gearbox/PAI-Proposal-Failover.md,tarakreddy1984,2020-10-08T18:16:42Z
sai,doc/macsec-gearbox/PAI_Auto_Negotiated_FEC.md,tarakreddy1984,2021-07-01T21:56:06Z
sai,doc/recycle_port.md,SarathBug,2021-05-19T21:18:39Z
sai,doc/sai-ptf/L3_test_plan.md,richardyu-ms,2022-08-22T12:52:19Z
sai,doc/sai-ptf/config_data/config_t0.md,richardyu-ms,2022-06-19T04:19:11Z
sai,doc/sai-ptf/fdb_test_plan.md,richardyu-ms,2023-01-03T03:33:36Z
sai,doc/sai-ptf/lag_test_plan.md,richardyu-ms,2022-06-19T04:19:11Z
sai,doc/sai-ptf/pcbb_test_plan.md,richardyu-ms,2022-07-29T09:11:46Z
sai,doc/sai-ptf/tunnel_test_plan.md,richardyu-ms,2023-03-03T01:06:31Z
sai,doc/sai-ptf/vlan_test_plan.md,richardyu-ms,2022-06-19T04:19:11Z
sai,doc/saibmtor/saibmtor.md,marian-pritsak,2018-12-27T18:01:56Z
sai,doc/spec.md,Guohan Lu<gulv@microsoft.com>,2015-02-26T00:28:13Z
sai,doc/tunnel/SAI-Proposal-EVPN-Multihoming.md,JaiOCP,2024-12-18T19:19:06Z
sai,doc/tunnel/SAI-Proposal-ImprovedP2PTunnels.md,bandaru-viswanath,2020-03-17T17:26:49Z
sai,doc/tunnel/SAI-Proposal-L3-Tunnel.md,bhushankanekar<bkanekar@broadcom.com>,2015-05-29T16:27:37Z
sai,doc/tunnel/Tunnel-decap.md,marian-pritsak,2024-04-11T21:44:39Z
