Author,Organization,Score
stephenxs,Nvidia,4968.70
vadymhlushko-mlnx,Nvidia,4295.85
lguohan,Microsoft,4138.30
kcudnik,Microsoft,3773.50
yxieca,Microsoft,3585.65
Junchao-Mellanox,Nvidia,3484.95
bingwang-ms,Microsoft,3282.95
jleveque,Microsoft,2900.55
wangxin,Microsoft,2899.35
qiluo-msft,Microsoft,2751.25
xumia,Microsoft,2643.60
lolyu,Microsoft,2616.55
liushilongbuaa,Microsoft,2614.25
stepanblyschak,Nvidia,2465.85
vdahiya12,Microsoft,2395.05
saiarcot895,Microsoft,2309.35
keboliu,Nvidia,2309.30
richardyu-ms,Microsoft,2289.90
dgsudharsan,Nvidia,2248.75
vivekrnv,Nvidia,2184.00
abdosi,Microsoft,2084.15
Pterosaur,Microsoft,2055.65
nazariig,Nvidia,2003.80
neethajohn,Microsoft,1970.95
prsunny,Microsoft,1862.25
liuh-80,Microsoft,1801.35
theasianpianist,Microsoft,1721.15
zjswhhh,Microsoft,1546.05
vmittal-msft,Microsoft,1508.05
Staphylo,Arista,1490.40
arlakshm,Microsoft,1371.15
vaibhavhd,Microsoft,1346.10
yaqiangz,Microsoft,1343.00
pettershao-ragilenetworks,Ragile,1339.10
daall,Microsoft,1315.85
ganglyu,Microsoft,1297.40
SuvarnaMeenakshi,Microsoft,1253.60
yejianquan,Microsoft,1155.25
judyjoseph,Microsoft,1114.40
kellyyeh,Microsoft,1074.65
StormLiangMS,Microsoft,1055.90
maipbui,Microsoft,1042.60
zbud-msft,Microsoft,1038.60
ZhaohuiS,Microsoft,1007.55
renukamanavalan,Microsoft,986.00
sachinholla,Broadcom,945.90
aravindmani-1,Dell Technologies,934.80
wen587,Microsoft,921.90
liat-grozovik,Nvidia,897.50
xwjiang-ms,Microsoft,879.50
tianshangfei,Tencent,834.70
lizhijianrd,Microsoft,828.10
shlomibitton,Nvidia,826.35
shi-su,Microsoft,823.90
gechiang,Microsoft,823.60
pavel-shirshov,Microsoft,820.20
yutongzhang-microsoft,Microsoft,807.70
dprital,Nvidia,807.70
kannankvs,Dell Technologies,802.15
smaheshm,Microsoft,790.90
Blueve,Microsoft,786.20
alexrallen,Nvidia,776.35
tahmed-dev,Microsoft,768.35
patilshashidhar,Cisco,767.40
ramakristipati,Broadcom,763.85
developfast,Microsoft,752.35
prgeor,Microsoft,750.75
oleksandrivantsiv,Nvidia,716.65
jostar-yang,Others,704.40
ArunSaravananBalachandran,Dell Technologies,698.00
volodymyrsamotiy,Nvidia,688.75
Gfrom2016,Microsoft,686.95
jcaiMR,Microsoft,674.20
siqbal1986,Microsoft,660.60
sujinmkang,Microsoft,642.20
isabelmsft,Microsoft,636.00
mlok-nokia,Nokia,612.70
sumukhatv,Uber,607.10
tjchadaga,Microsoft,588.25
XuChen-MSFT,Microsoft,587.80
wsycqyz,Microsoft,580.45
tonytitus,Others,557.35
rhalstea,Google,548.90
ghooo,airbnb,541.10
andywongarista,Arista,534.40
mudsut4ke,Bayer,532.30
wenyiz2021,Microsoft,528.15
FuzailBrcm,Broadcom,521.80
madhanmellanox,Nvidia,505.95
yozhao101,Microsoft,482.30
marian-pritsak,Nvidia,470.90
byu343,Arista,469.60
AshokDaparthi,Dell Technologies,461.80
wendani,Microsoft,460.55
AkhileshSamineni,Broadcom,455.00
liorghub,Nvidia,450.90
jimmyzhai,Microsoft,448.10
aljer,Intel,448.00
mihirpat1,Microsoft,444.35
arunlk-dell,Dell Technologies,434.10
congh-nvidia,Nvidia,419.50
JaiOCP,Broadcom,418.75
DavidZagury,Nvidia,408.90
ashwin-h,Others,400.85
a-barboza,Broadcom,400.80
Chandra-BS,Broadcom,396.00
jfeng-arista,Arista,389.10
Yakiv-Huryk,Nvidia,389.00
sanmalho-git,Nokia,386.95
kevinskwang,Microsoft,381.80
akokhan,plvision,376.20
ayurkiv-nvda,Nvidia,370.15
praveen-li,Linkedin,369.25
rraghav-cisco,Cisco,366.65
baiwei0427,Microsoft,354.05
ppikh,Nvidia,351.30
Xichen96,Microsoft,350.75
JibinBao,Nvidia,347.50
stcheng,Microsoft,346.90
zhoudongxu,Others,346.60
msosyak,plvision,343.50
nhe-NV,Nvidia,338.80
mykolaf,Nvidia,335.45
zzhiyuan,Arista,331.65
RogerX87,Others,324.10
nonodark,Others,324.00
santhosh-kt,Dell Technologies,324.00
vganesan-nokia,Others,323.05
ysmanman,Arista,317.10
andrewsapronov,netberg,313.25
mbalachandar,Broadcom,310.80
mint570,Google,306.05
guangyao6,Microsoft,296.90
Pavan-Nokia,Others,296.40
SavchukRomanLv,Intel,295.45
Ndancejic,Microsoft,294.60
RyoYang,Microsoft,293.20
pkochmanska,Others,291.05
anamehra,Cisco,291.00
lerry-lee,Microsoft,288.30
noaOrMlnx,Nvidia,273.75
rajkumar38,Marvell,271.60
vboykox,Others,270.60
dzhangalibaba,Alibaba,265.70
srideepDell,Dell Technologies,264.20
fastiuk,Nvidia,259.70
roberthong-qct,Others,247.45
AndriiLozovyi,Intel,245.25
anish-n,Microsoft,244.20
skbarista,Arista,242.70
ciju-juniper,Juniper,242.40
pavannaregundi,Marvell,241.90
lixiaoyuner,Microsoft,241.00
PrabhuSreenivasan,Broadcom,239.80
antony-rheneus,Marvell,238.40
longhuan-cisco,Cisco,236.00
prabhataravind,Microsoft,233.90
rajendra-dendukuri,Broadcom,231.80
shihjeff,Marvell,228.85
lipxu,Microsoft,226.80
zhixzhu,Cisco,223.50
saksarav-nokia,Others,216.05
OleksandrKozodoi,Intel,215.50
davidpil2002,Nvidia,211.10
samaity,Linkedin,209.55
qbdwlr,Juniper,209.00
arfeigin,Nvidia,194.35
bratashX,Others,191.10
dutta-partha,Broadcom,186.40
antonptashnik,Intel,186.10
WistronNetwork,Others,185.75
dflynn-Nokia,Others,185.15
zhenggen-xu,Microsoft,184.30
dgsudharsan,Dell Technologies,183.75
AntonHryshchuk,Nvidia,183.75
chitra-raghavan,Dell Technologies,181.50
x-junyi,Others,181.00
ravi861,Others,180.45
michealylj1,Others,179.10
TACappleman,Microsoft,171.00
deepak-singhal0408,Microsoft,169.30
amrutasali,Dell,168.30
roylee123,accton,168.30
vperumal,Cisco,168.00
ycoheNvidia,Nvidia,163.80
rbpittman,Cisco,163.10
ds952811,Broadcom,162.20
jhli-cisco,Cisco,161.25
Kalimuthu-Velappan,Broadcom,160.45
shine4chen,Others,160.40
raphaelt-nvidia,Nvidia,158.85
mannytaheri,Others,157.50
dbarashinvd,Nvidia,156.95
Azarack,Others,156.00
taocy001,Others,152.70
qnos,Others,151.75
bluecmd,Others,151.45
svshah-intel,Intel,150.70
tim-rj,Ruijie,150.40
venkatmahalingam,Dell Technologies,150.00
kenneth-arista,Arista,147.35
tiejunzhang-ms,Microsoft,145.80
donNewtonAlpha,Google,144.65
assrinivasan,Microsoft,143.65
dmytroxshevchuk,Others,143.10
Ashish1805,Google,141.80
VenkatCisco,Cisco,140.50
zhiyuan0112,Microsoft,140.00
kmalek-priv,Others,138.50
AlanYoush,Centec,138.45
LuiSzee,Centec,137.15
AndoniSanguesa,Microsoft,135.80
tsvanduyn,Microsoft,135.50
simonJi2018,Others,135.30
rck-innovium,Marvell,134.40
yvolynets-mlnx,Nvidia,133.80
rlhui,Microsoft,132.80
nicwu-cel,Others,131.50
vasant17,Others,131.25
r12f,Others,130.50
qinchuanares,Microsoft,128.15
sydlogan,Broadcom,127.35
faraazbrcm,Broadcom,124.50
mprabhu-nokia,Others,124.05
ustachowiak,Others,124.00
roy-sror,Nvidia,123.30
arista-nwolfe,Arista,123.05
pra-moh,Microsoft,122.45
kperumalbfn,Intel,122.35
paavaanan,Dell Technologies,122.15
seiferteric,Dell Technologies,119.95
mmysle,Others,119.50
k-v1,Others,119.10
Praveen-Brcm,Broadcom,118.85
mlorrillere,Arista,118.40
preetham-singh,Broadcom,117.75
brandonchuang,Others,117.60
srj102,Broadcom,117.35
baorliu,Cisco,117.30
MariuszStachura,Others,117.00
sridhar-ravindran,Dell Technologies,115.80
sg893052,Broadcom,115.15
jemifdo,Others,114.40
AnoopKamath,Cisco,114.00
bocon13,Google,112.30
juntseng62,Others,110.90
guxianghong,Centec,110.45
abohanyang,Arista,110.00
sanjair-git,Others,109.10
andriymoroz-mlnx,Others,108.20
geogchen,Microsoft,107.00
tomer-israel,Nvidia,106.40
tcusto,Others,106.30
ec-michael-shih,EdgeCore,105.50
linyutsung,ufispace,103.25
EdenGri,Nvidia,102.25
rawal01,Nokia,101.20
geans-pin,Broadcom,100.80
jipanyang,Alibaba,100.20
gitsabari,Broadcom,98.00
echuawu,Nvidia,97.60
mdanish-kh,xFlow Research,94.75
AntheaJiang,Others,94.00
joyas-joseph,Dell Technologies,93.90
carl-nokia,Others,93.35
CynthiaINV,Others,93.30
jiahua-wang,Broadcom,93.20
jsanghra,Cisco,93.00
aputriax,Intel,91.00
selldinesh,Keysight,91.00
rkdevi27,Dell Technologies,90.20
guillaumelambert,Orange,90.15
oxygen980,Nokia,89.70
kwangsuk,Dell Technologies,89.30
itaibaz,Nvidia,87.75
ArthiSivanantham,Dell Technologies,87.05
devpatha,Cisco,87.00
rupesh-k,Broadcom,87.00
cytsai0409,ufispace,86.70
chiourung,EdgeCore,86.65
donNewtonIntel,Others,86.50
xinyulin,Others,85.35
patrickmacarthur,Arista,84.30
shdasari,Broadcom,84.20
dmytroxIntel,Others,84.00
kamalsahu0001,Others,83.45
bmridul,Cisco,82.95
j-bos,Cisco,82.10
Sabareesh-Kumar-Anandan,Marvell,82.00
kishorekunal01,Broadcom,81.45
ranjinidn,Dell Technologies,80.00
wilson-smci,Others,79.80
alpeshspatel,Others,79.25
vmorokhx,Intel,79.00
abanu-ms,Others,78.80
kirankella,Broadcom,78.00
mohan-selvaraj,Broadcom,78.00
ansrajpu-git,Others,77.80
anand-kumar-subramanian,Broadcom,77.50
ngoc-do,Arista,75.60
padmanarayana,Dell Technologies,74.95
ihorchekh,Nvidia,74.80
tylerlinp,Others,74.65
FengPan-Frank,Microsoft,74.10
rajann,Cisco,74.10
taras-keryk,Others,74.00
tshalvi,Nvidia,72.95
mmiele,Microsoft,72.50
jamesan47,Cisco,72.30
rajneeshaec,Marvell,71.40
ph408077,Broadcom,70.90
seanwu-ec,accton,70.60
vharish02,Dell Technologies,70.00
pphuchar,Celestica,68.45
Gokulnath-Raja,Others,68.40
mikeberesford,Google,67.70
jeffhtgt,Others,66.50
jonathantsai-qci,Others,66.00
olivier-singla,Broadcom,65.75
pollyhsu2git,EdgeCore,65.60
slutati1536,Nvidia,65.50
globaltrouble,Others,65.20
michaelli10,Broadcom,65.20
dereksun01,Others,65.15
yenlu-keith,Cisco,65.00
AmitKaushik7,Broadcom,64.20
snider-nokia,Others,64.00
vcheketx,Intel,62.70
Hedgehog-Guru,Nvidia,62.50
ANISH-GOTTAPU,Others,62.30
msomasundaran,fungible inc,62.30
jerseyang,Others,62.00
cscarpitta,Others,61.80
mykolaxgerasymenko,Intel,61.00
msiddare,Cisco,60.00
d-dashkov,Jabil,59.40
MellanoxBSP,Nvidia,58.90
gregshpit,Others,58.00
Cosmin-Jinga-MS,Others,57.60
MuhammadUmarAsad,Others,57.60
diaryevil,c ai,57.40
qicen,Others,57.00
kktheballer,Microsoft,56.75
phshaikh,Others,56.65
iris00522,EdgeCore,56.50
paulmenzel,Max-Planck-Institut,56.35
kuanyu99,EdgeCore,56.35
SelvaSupermicro,Others,55.80
gengankarthik,Dell Technologies,55.40
minionatwork,Others,55.00
vsenchyshyn,Intel,54.60
tapashdas,Broadcom,54.60
baxia-lan,Google,51.25
jmmikkel,Arista,50.60
spilkey-cisco,Cisco,50.10
rameshraghupathy,Cisco,49.80
anilkpan,Broadcom,49.75
dipankar-ba,Broadcom,49.40
rameshms-work,Others,48.90
ashutosh-agrawal,Intel,48.80
iavraham,Others,48.60
linalvin,Others,47.60
qiwang4,Cisco,47.60
KostiantynYarovyiBf,Others,47.50
gord1306,EdgeCore,47.35
FSSec,Others,47.00
deran1980,Nvidia,47.00
svelamal,Cisco,47.00
madhava28,Others,46.70
arvbb,Others,46.50
shanshri,pensnado,46.30
kbabujp,Marvell,46.00
shubav,Nokia,45.85
saravanansv,Arista,45.65
bandaru-viswanath,Broadcom,45.25
macikgozwa,Others,44.95
NanQiSweeper,Alibaba,44.70
sojindal,Others,44.40
wangshengjun,asterfusion,44.30
superchild,EdgeCore,44.25
GarrickHe,Dell Technologies,44.00
chrispsommers,Keysight,44.00
SidharajU,Others,43.30
thaj-deen,Dell Technologies,42.60
jusherma,Cisco,42.55
zhaozhenhong,Dell,42.40
amnsinghal,Cisco,42.00
erohsik,Others,42.00
packiasundar,Others,42.00
chenkelly,EdgeCore,41.40
stephengao-ragilenetworks,Ragile,41.30
kv-y,Others,41.15
rraguraj,Cisco,41.00
tarakreddy1984,Others,40.70
cgangx,Microsoft,40.50
wbschwar,Others,38.75
SijiJ,Juniper,38.25
monipko,Intel,38.05
kerry-meyer,Dell Technologies,37.50
jaganbal-a,Cisco,36.65
SubhajitPalKeysight,Keysight,36.40
shyam77git,Cisco,36.25
JunhongMao,Others,36.00
link19430,EdgeCore,36.00
UmaMaven,Others,35.75
caizhenghui-juniper,Juniper,35.45
microsoft-cla-retired,Others,35.40
tiejunzhang,Microsoft,35.00
zhangyanzhao,Microsoft,34.65
msftdaniellin,Others,34.50
clarklee-guizhao,Alibaba,34.20
zoe-kuan,Others,34.20
sudhanshukumar22,Broadcom,34.00
aaronpayment,Arista,33.60
ridahanif96,Others,33.35
Mohammedz93,Nvidia,33.00
NazarTkachuk,Others,33.00
sandycelestica,Others,32.80
kevinwangsk,Nvidia,32.50
lmingz,Microsoft,32.40
Nakrez,Arista,32.30
bsun-sudo,Dell Technologies,32.00
romankachur-mlnx,Others,32.00
vpsubramaniam,Dell Technologies,31.50
AharonMalkin,Nvidia,31.50
heidinet2007,Alibaba,31.50
mholankar,Others,31.50
sallylsy,Google,31.50
david-xk,Others,31.40
alvinkaiwei,Others,31.00
chaoskao,EdgeCore,30.65
avinashkrcode,Others,30.60
juntaog,Others,30.60
linemma,EdgeCore,30.50
bacrossland,Others,30.25
miheot,Others,30.00
hasan-brcm,Broadcom,29.55
MELLANOX-zhichenr,Others,29.00
sumanbrcm,Broadcom,29.00
nathcohe,Cisco,28.50
veronica-arista,Arista,28.50
jon-nokia,Nokia,28.45
shri-khare,Others,28.40
daxia16,Nvidia,28.00
isgmano,Others,28.00
anshuv-mfst,Microsoft,27.85
chihhan123,Others,27.70
sacnaik,Cisco,27.25
nkelapur,Broadcom,27.15
aparnapattekar-gh,Others,27.00
BrynXu,Arista,26.55
gollarharsha,Others,26.50
eswaranb,Arista,26.45
aurghob,Microsoft,26.00
mthatty,Others,26.00
oleksandrx-kolomeiets,Intel,26.00
adyeung,Broadcom,25.80
CharudattaSChitale,Others,25.50
carycelestica,Others,25.50
shbalaku-microsoft,Others,25.50
ohu1,Dell,25.20
skeesara-nokia,Others,25.10
dependabot,Others,25.00
haslersn,Others,25.00
dks0692,Others,24.60
andriydnvd,Others,24.50
orenreiss,Nvidia,24.50
Keshavg-marvell,Others,24.30
eddieruan-alibaba,Alibaba,24.30
bendrapubalareddy,Cisco,24.00
centecqianj,Others,24.00
gregoryboudreau,Others,24.00
rajendrat,Cisco,24.00
snanajka,Cisco,24.00
SarathBug,Broadcom,23.60
jainp1979,Broadcom,23.60
amaneti,Broadcom,23.55
bbinxie,Others,23.40
dmukun,Others,23.00
lukasstockner,GenesisCloud,22.50
pyuvarajan,Others,22.50
yangshp1987,JD,22.50
KrisNey-MSFT,Microsoft,22.20
harshitgulati18,Others,22.00
nikos-github,Others,22.00
suresh-rupanagudi,Broadcom,22.00
Aravind-Subbaroyan,Others,21.90
shikenghua,EdgeCore,21.65
azmyali98,Nvidia,21.60
puffc,Others,21.60
hans-tseng,Others,21.40
kartik-arista,Arista,21.35
anilkpandey,Broadcom,21.25
collivier,Orange,21.25
vishnushetty,Broadcom,21.15
amulyan7,Cisco,21.05
alawing,Others,21.00
jianjundong,Others,21.00
tiantianlv,Others,20.20
pyadvichuk,Others,20.10
VadymYashchenko,Intel,20.00
orfar1994,Nvidia,20.00
songqh2022,Others,20.00
weixchen1215,Microsoft,20.00
srikrishnagopu,Others,19.50
Megathrone,Microsoft,19.40
vincentchiang-ec,EdgeCore,19.20
stevenlu99,Broadcom,19.05
tbgowda,Cisco,19.00
yanjundeng,Cisco,19.00
JohnsonYJLu,Others,18.80
MichelMoriniaux,criteo,18.70
iMasaruOki,Internet Initiative Japan,18.50
maheshwari-mayank,Broadcom,18.40
nikunjdh,Others,18.30
MichaelWangSmci,Others,18.00
abhijit-dhar,Others,18.00
aruna98765,Cisco,18.00
mathieulaunay,Others,18.00
vikshaw-Nokia,Others,18.00
yanaport,Others,18.00
yucgu,Cisco,18.00
maulik-marvell,Marvell,17.75
cel-taylor,Others,17.50
harish-kalyanaraman,Nokia,17.25
rathnasabapathyv,Dell Technologies,17.05
CliveNi,cloudlight,17.00
Liran-Ar,Others,17.00
MuLinForest,EdgeCore,17.00
rvisnu,Microsoft,17.00
banagiri,Marvell,16.90
peter-yu,EdgeCore,16.75
hui-ma,Microsoft,16.65
habeebmohammed, inventec,16.60
ham-xa,xFlow Research,16.50
prafull-brcm,Others,16.35
reshmaintel,Intel,16.25
albertovillarreal-keys,Others,16.20
DeanKalla,Arista,16.15
cytsao1,Cisco,16.00
romanvasylys,Intel,16.00
hadiga,Linkedin,15.90
alonn6,Others,15.60
jjangmua,Others,15.60
tomek-US,Google,15.45
rakeshdatta,Microsoft,15.40
kishanps,Google,15.35
Meir-renford,Nvidia,15.30
SviatoslavBoichuk,Nvidia,15.00
allas-nvidia,Others,15.00
cchoate54,Microsoft,15.00
gvlaemyn,Cisco,15.00
hamnarauf,xFlow Research,15.00
i-davydenko,Nvidia,15.00
ntt-omw,Others,15.00
prem-nokia,Others,15.00
sihuihan88,Microsoft,15.00
tadams-msft,Others,15.00
vivekmoorthy,Google,15.00
dawnbeauty,Others,14.85
ByReaL,Keysight,14.50
maduramarathe9,Microsoft,14.50
mini-nair-dell,Dell Technologies,14.50
PJHsieh,EdgeCore,13.95
Stephengzh-Ragilenetworks,Others,13.60
davidm-arista,Arista,13.50
lizhuhuams,Microsoft,13.50
tudupa,Others,13.50
BasimShalata,Others,13.40
andriy-kokhan,plvision,13.40
mickeyspiegel,Intel,13.25
mgheorghe,Keysight,13.00
yehjunying,EdgeCore,13.00
apogedik,Others,12.60
nmoray,Aviz Networks,12.60
KrisNey-MSFT<krisney@microsoft.com>,Others,12.50
Michael Miele<v-mimiele@microsoft.com>,Others,12.50
SanjayTh,Others,12.50
bhaveshdell,Dell Technologies,12.50
budgrise,Others,12.50
kannankvs<kannan_kvs@dell.com>,Others,12.50
mhanif,Broadcom,12.50
mpiechocinski,Intel,12.40
mikelazar,Dell Technologies,12.30
MaxYaremchuk,Others,12.25
AnantKishorSharma,Cisco,12.00
PinghaoQu,Others,12.00
amandyuk,Others,12.00
andriyz-nv,Nvidia,12.00
bjavvaji1331,Others,12.00
george-deng88,Others,12.00
martin-belanger,Dell Technologies,12.00
nirmalya-keysight,Keysight,12.00
royyi8,Google,12.00
rpmarvell,Marvell,12.00
schobtr,Celestica,12.00
wadoodkhan,Marvell,12.00
sachinv-msft,Microsoft,11.75
hzheng5,Alibaba,11.70
li-pingmao,Linkedin,11.65
ITJamie,Others,11.60
FunForNOS,Others,11.50
antoninamelnyk,Intel,11.50
Minkang-Tsai,EdgeCore,11.40
maksympr,Nvidia,11.40
vincent201881,Others,11.20
MaratGubaiev,Jabil,11.20
jasmeetbagga,Others,11.20
MaksymPry,Others,11.00
crzas,EdgeCore,11.00
isabelladeleon12,Microsoft,11.00
ishidawataru,ntt,11.00
talber-nvidia,Others,11.00
InventecJamesHuang,Others,10.80
JohnFanDNI,Others,10.80
OlaOliynyk,Others,10.80
mdivyamohan,Others,10.75
CharlieChenEC,EdgeCore,10.50
DawoodMehmood,xFlow Research,10.50
louishot,Others,10.50
slogan621,Others,10.50
smahara,Dell Technologies,10.40
lihuay,Microsoft,10.30
1002574903,Ragile,10.25
xincunli-sonic,Others,10.20
SuvenduMozumdar,Keysight,10.15
ArthiGovindaraj,Others,10.00
LimorAmit,Others,10.00
RichardWu-Hebut,Tencent,10.00
Shuotian Cheng<shuche@microsoft.com>,Others,10.00
aganguly-keysight,Others,10.00
bill-nokia,Others,10.00
daniele-moro,Google,10.00
fredyu190011,Others,10.00
fyx,Others,10.00
joej164,Others,10.00
prasanna-cls,Others,10.00
ramachandrareddygaddam,Broadcom,10.00
rskorka,Others,10.00
vsrivastav78,Others,10.00
shihhsien-wang,EdgeCore,9.75
hpersh,Others,9.35
thovikeerthi,Others,9.30
abhiranjeet,Others,9.25
jangidrk,Broadcom,9.10
balajib-cisco,Cisco,9.05
JiangboHe,Others,9.00
William-zx,Others,9.00
justindthomas,Others,9.00
mad4321,Others,9.00
mkovnir,Nvidia,9.00
shilimkarvg,Others,9.00
suypraka,Others,9.00
xjasonlyu,Others,9.00
gpaussabrcm,Broadcom,8.65
dan-arsenault,Broadcom,8.55
vmytnykx,Intel,8.25
myronsosyak,Others,8.20
johcheun,Others,8.15
AfraMariyam,Others,8.00
JaredLius,Others,8.00
abhishekd0,Broadcom,8.00
dr412113,Others,8.00
lorchid,asterfusion,8.00
manjuv1,Others,8.00
nazeerhussainf,Others,8.00
ryan44guo,inspur,8.00
sdddean,Others,8.00
steven-guo-ec,Others,8.00
stephengzh,Ruijie,7.95
samuel-lee-msft,Microsoft,7.85
hari-selvam,Others,7.75
sandeep-kulambi,Broadcom,7.75
MaxXiao12,Arista,7.50
Stephenxf,Linkedin,7.50
andriidovhan,Others,7.50
cheryls-arista,Arista,7.50
pbudds,Others,7.50
sheiun-xu,Others,7.50
zhanggongc,Others,7.50
ouxlwhu,asterfusion,7.30
jarias-lfx,the linux foundation,7.25
dev-aviz,Others,7.15
Arvind-Brcm,Broadcom,7.00
ajbalogh,Keysight,7.00
irene-pan1202,Others,7.00
ayelrod,Google,6.90
ben-gale,Broadcom,6.80
moshemos,Nvidia,6.80
MalteJ,sap,6.70
jeff-yin,Dell Technologies,6.35
twtseng-tim,Others,6.35
aparkhomenko-xsight,Others,6.30
huseratgithub,Others,6.30
aseaudi,Others,6.25
dellwuchuan,Nvidia,6.25
hehuang-nokia,Nokia,6.25
ntoorchi,Google,6.25
zhengbiqing,Others,6.25
Yarden-Z,Nvidia,6.10
losha228,Microsoft,6.05
BaluAlluru,Others,6.00
LGH-12,Others,6.00
RayWang910012,EdgeCore,6.00
VerifyL,Others,6.00
anshuldubela,Cisco,6.00
ashishb-juniper,Juniper,6.00
bktsim-arista,Others,6.00
chenpiaoping,Others,6.00
dilkuc,Cisco,6.00
dubrie,Others,6.00
grahamhayes,Others,6.00
henzelis,Others,6.00
hpersh-dell,Dell Technologies,6.00
imanmalik,Others,6.00
jihaix,Baidu,6.00
kannansel,Others,6.00
kpetremann,Others,6.00
liron-ze,Baidu,6.00
mithun2498,Others,6.00
nirenjan,Dell Technologies,6.00
okanchou9,ingrasys,6.00
pdhruv-marvell,Others,6.00
prasannam2302,Others,6.00
prprakas,Linkedin,6.00
rchandramouli,Others,6.00
rohitpuri-sw,Others,6.00
rqx110,Others,6.00
saurabh17g,Cisco,6.00
saurabhab,Others,6.00
tejatamboli02,Others,6.00
thomas-am,Keysight,6.00
tigrmeli,Others,6.00
vikumarks,Others,6.00
vincent-xs,Others,6.00
vitaliibylinka,Others,6.00
ranjekum,Others,5.75
leoli-nps,Others,5.60
weiliu-ivy,Microsoft,5.60
dennis0113,EdgeCore,5.50
madhupalu,Aviz Networks,5.50
nmoray-ebay,eBay,5.50
119064273,Others,5.45
utpalkantpintoo,Broadcom,5.30
CLUDev,Others,5.25
guking3,Others,5.25
Kebo Liu<kebol@mellanox.com>,Others,5.00
KhoobBabe,xFlow Research,5.00
SumitAgarwal123,Broadcom,5.00
andrewimeson,Others,5.00
anilsadineni,Broadcom,5.00
arn-alt,Others,5.00
avinish-marvell,Others,5.00
busterswt,arcanebyte,5.00
ezio-chen,EdgeCore,5.00
lornelong,Cisco,5.00
ncalad,Others,5.00
roger530-ho,Others,5.00
saikrishnagajula,Others,5.00
sampad1996,Others,5.00
sivamukka,Broadcom,5.00
skbhava,Broadcom,5.00
sureshsekar28,Marvell,5.00
tengfei-astfs,asterfusion,5.00
tjcw,ibm,5.00
vijayvyasm,Others,5.00
rameshsanth,Others,4.95
dpetryshintl,Others,4.75
eddyk-nvidia,Nvidia,4.75
Harrison-SH,Others,4.50
NStetskovych-zz,Others,4.50
Purnimayeggina,Others,4.50
SUNSAT23,Others,4.50
allenzhuo-ragilenetworks,Others,4.50
donboll,Others,4.50
dsetia-bfn,Intel,4.50
guichuan2018,Others,4.50
hubblezzhu,Alibaba,4.50
rishabhhastu,Arista,4.50
scottlaird,Google,4.50
Ezrickd,Others,4.40
ljyfree,Centec,4.30
atitjain,Others,4.25
uraghura,Others,4.25
dipalipatel25,Others,4.05
FMusatescu,Others,4.00
RajeshPukhrajJain,Broadcom,4.00
aystarik,Others,4.00
bpar9,Cisco,4.00
dkourkouzelis,Others,4.00
dpronin,n/a,4.00
elvistsai,Others,4.00
emilmih,Others,4.00
haowei1122,Others,4.00
joe-tricklebank-owens,Others,4.00
kakkotetsu,Others,4.00
kattamamatha,Others,4.00
lkunjumon,Others,4.00
mdak1909,Others,4.00
riverhong,EdgeCore,4.00
yurypm,Arista,4.00
yutatsuchiyamicrosoft,Microsoft,4.00
shivuv,Others,3.90
BrandonCheng0121,EdgeCore,3.75
kielfriedt,arm,3.75
samitabh,Broadcom,3.75
Seitanas,@vinted,3.60
rlucus,Others,3.60
vkuma82,Others,3.60
radha-danda,Marvell,3.55
ndas7,Google,3.30
cyberscribbleorg,Others,3.25
dinosn,Others,3.25
mipxman,Others,3.25
vikneels,Cisco,3.20
cony7642,Others,3.10
gracelicd,Others,3.10
mfriyas,Others,3.10
vadimp-nvidia,Nvidia,3.10
Anukul-V,Others,3.00
MahendranPackiam,Others,3.00
Maksat25,Others,3.00
SinghMinu,Others,3.00
TyagiShailesh,Others,3.00
YaoTien,Others,3.00
akolamarvell,Marvell,3.00
assafho,Nvidia,3.00
borys-karpliak,Others,3.00
chiranjeevi-u,Others,3.00
dlringor,Others,3.00
dushyantarora,Google,3.00
esapgan,Others,3.00
gaggaman,Others,3.00
grosa1,Others,3.00
hanstseng,Others,3.00
icchau,Others,3.00
liujed-intel,Intel,3.00
mbze430,Others,3.00
mslocrian,self,3.00
nnag-broadcom,Broadcom,3.00
okuzovych,plvision,3.00
pindi-cisco,Others,3.00
rakeshbitsindri,Others,3.00
rdarbha,Others,3.00
shall1024,Others,3.00
sj-harrish,Aviz Networks,3.00
srthati,Others,3.00
tjarosz-stdair,standard air & lite,3.00
tushar-ty,Broadcom,3.00
wjaco,Cisco,3.00
woldsn0201,Others,3.00
tw0byt3,Others,2.80
Haidong988,Centec,2.75
vidhya-rajan,Others,2.75
prvattem,Dell Technologies,2.70
robert1030,tw,2.60
ChinaMobileNG,Teraspek,2.50
Rancho333,Others,2.50
aslam-man,Others,2.50
aussieserverhosts,aussie server hosts,2.50
chiranjeevi-07,Others,2.50
copyandrun,Others,2.50
ixodie,Others,2.50
lokeshmarvell,Marvell,2.50
oleksandrKovtunenko,Jabil,2.50
siddegowda1,Others,2.50
sunesh,Intel,2.50
victorhooi,Google,2.50
rodnymolina,docker,2.40
Eric-Zaluzec-Vertiv,vertiv,2.25
batmancn,Others,2.25
garigipati31,Others,2.25
veber-alex,Others,2.25
xinliu-seattle,Microsoft,2.10
Abdul-Raheem10,Broadcom,2.00
Rajpratik71,Others,2.00
TETA-Net,teta-co.ir,2.00
TzvikNVDA,Others,2.00
aledwmorris,Others,2.00
arpp93,Cisco,2.00
charlag,Tutao,2.00
cijurajan,Others,2.00
dduttman,Others,2.00
dmjohn-marvell,Marvell,2.00
huanlev,Cisco,2.00
jeffchen1988,Others,2.00
jpxjlrldgit,Broadcom,2.00
kant,Others,2.00
liuqu,Alibaba,2.00
lyndonsiao,Others,2.00
mkeda,Google,2.00
phanindra-tv,Broadcom,2.00
randygaulmsft,Others,2.00
txj36,Others,2.00
zebracrowd,Others,2.00
zhuiwang,Others,2.00
bhavini-gada,Dell,2.00
Str1ker17,Others,1.95
ahsalam,Others,1.80
mestery,Others,1.80
mohanapriya-meganathan,Others,1.80
Russell123987,Others,1.75
app/,Others,1.75
bahirul,Others,1.75
chaichairiko,Others,1.75
toreanderson,@redpill-linpro,1.70
salvadorb,Others,1.55
imzyxwvu,Others,1.55
Aevyz,Others,1.50
DennisChiuEC,Others,1.50
GoGSuccOpO,Others,1.50
KanjiMonster,@bisdn,1.50
SLLU77,Others,1.50
SandyLiu1115,Others,1.50
Tim-741,Others,1.50
Vickyni2,Others,1.50
akash1mar,Others,1.50
amareshpGithub,Others,1.50
ayuxsh,Others,1.50
bobo-t,Others,1.50
brholmes1,Others,1.50
chenlijun226,Others,1.50
davidfordouce,Others,1.50
delandtj,purepeople,1.50
donbharath21,Others,1.50
donlon,Others,1.50
dudu574,Others,1.50
duhbbx,Others,1.50
evanjack2002,Others,1.50
gmshastri,Others,1.50
harimuthirevula,Others,1.50
jakubbdevops,Others,1.50
jardel-lucca-venko,Others,1.50
jimthedj65,Others,1.50
kdienes,Others,1.50
konradkreciwilk,Others,1.50
luigitalboy,Others,1.50
lukasz-drozdz-codilime,Others,1.50
majst01,x-cellent technologies gmbh,1.50
mstroecker,Others,1.50
muhammad51,Others,1.50
mutomasa,Others,1.50
nagasomarowthu36,Others,1.50
redat00,Others,1.50
richard28530,Others,1.50
saintnoah,Others,1.50
selviipalani,Others,1.50
sgurram,Others,1.50
shanz82,Others,1.50
ssudarshCLS,Others,1.50
usiegl00,Others,1.50
william1212cel,Others,1.50
willieken559099,Others,1.50
wpyoga,Others,1.50
xiaodaoaa,Others,1.50
yaoting-chang,Others,1.50
yestoeWPH,Others,1.50
zjghdd,Others,1.50
zycodecode,Others,1.50
JafarSeyedi,Others,1.45
StephenWangGoogle,Google,1.40
amar304,Others,1.40
pcamaril,Others,1.40
mhampasagar,Dell Technologies,1.30
AStrangwood,Others,1.25
GAcharyaIndia,Others,1.25
JSpewock,Others,1.25
Japanavt,Others,1.25
Jaqyoo,Others,1.25
Pesa,USnistgov,1.25
SudharshanSuresh,Others,1.25
SviatoslavNastasiak,Others,1.25
YanChii,Others,1.25
Zmegolaz,Others,1.25
abudaoweng,Others,1.25
app/microsoft-github-policy-service,Others,1.25
aslam4g,Others,1.25
bigwboy,Others,1.25
coolkidBigEye,Others,1.25
dcantunes123,Others,1.25
feanis,Others,1.25
florath,Others,1.25
galdem6,Others,1.25
gavinht21,Others,1.25
guangjung,Others,1.25
iancote,Others,1.25
jSML4ThWwBID69YC,Others,1.25
jboomer,Others,1.25
laiguoliang-lyr,Others,1.25
mohannai,Others,1.25
nand0104,Others,1.25
netmanyys,Others,1.25
odd22,Orange,1.25
oplklum,Others,1.25
perry1106,Others,1.25
richmondstacey,Others,1.25
sahiltyagi4,@rbccps-iisc @dreamlabin,1.25
shinoharakazuya,Others,1.25
sif7en,Others,1.25
songlinglingpml,Others,1.25
swapwz,H3C,1.25
tobzsc,Others,1.25
toggit,Others,1.25
yueyihui,china,1.25
zhangineer2,Others,1.25
v-wfarris,Others,1.20
skg-net,Dell Technologies,1.15
DhinakaranDayalan,Others,1.10
TencentSwitchGroup,Tencent,1.10
123toorc,university of edinburgh,1.00
Ariadw,Others,1.00
BOT-NV,Others,1.00
CNM777,Others,1.00
Grim-lock,Alibaba,1.00
Jarvx,Others,1.00
Komil-yc,Others,1.00
NoySa,Others,1.00
PRAVEEN-BABY,Others,1.00
Prashankalikotayt,Others,1.00
Tison-Liu,Others,1.00
adamx-xk,Others,1.00
ajuse,Others,1.00
allanstreib,Others,1.00
brianlin-ec,Others,1.00
bsbsrkg,Others,1.00
cpackham-atlnz,Others,1.00
dks19,Broadcom,1.00
eyal-horn-nvidia,Others,1.00
ezware,Others,1.00
fire-ant,Others,1.00
gck-04,Others,1.00
gcupryn,Intel,1.00
grantcurell,Dell Technologies,1.00
gukunqing,Others,1.00
inspurTW,Others,1.00
jeremytouve,GenesisCloud,1.00
jhujhiti,Others,1.00
joyantamishu,Others,1.00
kidoflamancha,Others,1.00
ksubashh,Others,1.00
kwang789,Others,1.00
lgbin879,Others,1.00
longruiliu,buaa,1.00
mahdiniya5252,Others,1.00
mathershifter,Arista,1.00
mpfau,Others,1.00
mtchhor,Others,1.00
nishi4321,Others,1.00
rudubey,Others,1.00
shishao7sxm,Alibaba,1.00
skraza,Cisco,1.00
slrflr,Others,1.00
ushax,Others,1.00
vemulabalaji,Others,1.00
ymc-dabe,ymc ag,1.00
zhuangjh3,Others,1.00
zouzhao6,Others,1.00
shaoshouping,Ruijie,0.90
tanpinsiang,Others,0.90
lisahnguyen,Broadcom,0.90
henry-ma,Nvidia,0.85
github-advanced-security,Others,0.85
rpjain-nw,Others,0.85
tieguoevan,Alibaba,0.85
AndriyZabavskyy,plvision,0.80
leeprecy,Broadcom,0.80
nazarii-gnydyn,Marvell,0.80
skytreat,Microsoft,0.75
Battier,Others,0.75
DeepanSaha,Others,0.75
DukeOwlington,Others,0.75
HelenHZhang,Others,0.75
Linda5067,Others,0.75
MheniMerz,USnistgov,0.75
Yuval-Mellanox,Nvidia,0.75
alanC-Cameo,Others,0.75
babu-s2,Others,0.75
bwebb94,Others,0.75
daddiaz,Others,0.75
dsatterw,Others,0.75
dungru,Others,0.75
holmanb,Canonical,0.75
joraff,Texas A&M University,0.75
kumarph,Others,0.75
melsom,terrahost as,0.75
mgrzybowski,Others,0.75
michael-bu,Others,0.75
mkjprior,Others,0.75
peggy-chu,Others,0.75
rpjday,crash course,0.75
sowri1,Others,0.75
sramkrishna,Intel,0.75
wangluochao902,texas a&m university,0.75
wangzhClounix,Others,0.75
avi-milner,Marvell,0.70
mkbalani,Others,0.70
fillmorechen0928,Others,0.65
paulnice,Others,0.65
SAI-shared-user,Others,0.60
sameerdell,Dell,0.60
TRISS708,Others,0.60
ZongbinTu,Others,0.60
andrewchoi5,Microsoft,0.60
bhagatgit,Google,0.60
dipali0125,Others,0.60
donaldsharp,Others,0.60
johnchiucc,Others,0.60
mrkcmo,Others,0.60
msreddypaluru,Others,0.60
philo-micas,Others,0.60
pushpraj,Others,0.60
DhanaDell,Dell Technologies,0.55
3Hren,sonm,0.50
CnaZhao,Others,0.50
MikeHcChen,Others,0.50
Sandeepsr,Others,0.50
WillsonHG,the linux foundation,0.50
albgonzpri,Microsoft,0.50
amaragra,Others,0.50
amin-alavi,Broadcom,0.50
aruljeniston,Others,0.50
github-code-scanning,Others,0.50
hustleige2003,Others,0.50
jaygmuru,Cisco,0.50
jmzou,Others,0.50
justin-lu-lyc,Others,0.50
lazc,Microsoft,0.50
madhukar-kamarapu,Broadcom,0.50
scjuang,EdgeCore,0.50
sflow,Others,0.50
shaukathsathar,Others,0.50
shihdada,Others,0.50
vdahiya,Others,0.50
yangbashuang,Centec,0.50
svsivm,Others,0.45
gbmsft,Microsoft,0.45
FLYFLYFL,Others,0.40
Israel-Meilik,Broadcom,0.40
LaveenBrcm,Broadcom,0.40
SathishKumarTR-Dell,Dell Technologies,0.40
andyivanov,Microsoft,0.40
asha-behera,Broadcom,0.40
jklare,Others,0.40
motinisim,Others,0.40
nasbdh9,Others,0.40
nupurjai,Intel,0.40
pshulik,Jabil,0.40
santoshdoke,Broadcom,0.40
wanxms,Microsoft,0.40
Prasanth-KV,Broadcom,0.30
hongrun007,Others,0.30
DerrickLFX,Others,0.30
JLevesque84,Others,0.30
Nazarii,Others,0.30
Pirunchy64,Others,0.30
StasTODD,Others,0.30
SunZheng-AF,Others,0.30
TheZinna,Others,0.30
adamdunstan,dunstan associates,0.30
andriymoroz,Others,0.30
anonymity-web,Others,0.30
ashutshkumr,Keysight,0.30
avl-dev,Others,0.30
briantopping,sap,0.30
celestica-gl,Others,0.30
dtallen97,Others,0.30
jiachi-jau,Others,0.30
krismarvell,Marvell,0.30
manapalai,Nvidia,0.30
molssongroup,Others,0.30
mvenkat12,Others,0.30
navneeth2666,Others,0.30
nyanto,Others,0.30
pliviu,duiadns co,0.30
praveen5582,Others,0.30
quantios,Others,0.30
ragu-raman,Others,0.30
sanal-siva,Others,0.30
shuaishang,Alibaba,0.30
stayyule,Keysight,0.30
vijasrin,@pensando,0.30
wangydalibaba,Alibaba,0.30
TomFletcher0,Others,0.25
bhagatyj,Google,0.25
elibritstein,Others,0.25
hsincsu,Others,0.25
kishoreatreya,Marvell,0.25
nanteby,Others,0.25
ylu7283,Others,0.25
BRCM-DevOps,Others,0.20
JohnSalloway,Others,0.20
ShwetaChahar,Others,0.20
arkadiyshapiro,VMware,0.20
boralt,fungible,0.20
brcmnokia,Others,0.20
fengyingling,Others,0.20
jonharrisonms,Microsoft,0.20
jorenwu84,Others,0.20
kaichunCc,Others,0.20
karthikarum,Others,0.20
konne88,Others,0.20
ritahui,Others,0.20
ritalhui,Others,0.20
roweisch,Others,0.20
smolkaj,Google,0.20
sonic-qct,Others,0.20
sudurais,Others,0.20
tadengmsft,Microsoft,0.20
tarundeepsharma88,Others,0.20
wschwartz,Broadcom,0.20
yintao1995,Others,0.20
yurikvol,Others,0.20
zhaoxiaoke,Others,0.20
Blyschak,Others,0.15
FaithRobben,Others,0.15
Mrvl-BenjaminHuang,Others,0.15
atanu-mandal,Others,0.15
cookiesowns,first mode,0.15
idle-meerkat,Others,0.15
jala-dx,replicated inc.,0.15
jpsenior,Others,0.15
rbone-mitre,Others,0.15
salilpant-brcm,Broadcom,0.15
springxucoder,Others,0.15
tjjh89017,Others,0.15
winstonliu1111,Others,0.15
Arul-Jeniston-Mc,Dell Technologies,0.10
Jipan-Yang,Others,0.10
Walker917,Others,0.10
disaster123,Others,0.10
fgggid,Others,0.10
hesingh,none,0.10
kaoyusean,Alibaba,0.10
laodulaodu,Others,0.10
maggiemsft,Microsoft,0.10
mnaberez,Others,0.10
ritacxl,Others,0.10
sflow-rt,Others,0.10
shivanangi,Others,0.10
tfangit,Others,0.10
yinshuangshuang,Others,0.10
AKosturArista,Others,0.00
Alicia-Zhu,Others,0.00
Applepi,Others,0.00
AravindSubramanian123,Others,0.00
DanielaMurin,Others,0.00
DennyAgussy,Others,0.00
FrankTheTank-IGS,Others,0.00
Ghulam-Bahoo,Others,0.00
HaiHuang008,Others,0.00
Jessica120Q,Others,0.00
Prajwal027,Others,0.00
Ryangwaite,Others,0.00
SkylarHoughtonIntelerad,Others,0.00
Subhasri-Ramasamy,Others,0.00
SvyatDemn,Others,0.00
TafkaMax,Others,0.00
ThePerfectComputer,Others,0.00
VSuryaprasad-HCL,Others,0.00
VladimirKuk,Others,0.00
Xuanfq,Others,0.00
amazor,Others,0.00
amitpawar12,Others,0.00
aprrodrigues,Others,0.00
asraza07,Others,0.00
balram-csco,Others,0.00
bibhuprasad-hcl,Others,0.00
bofish-arista,Others,0.00
bshpigel,Others,0.00
ccroy-arista,Others,0.00
chikkaiah-work,Others,0.00
ctft1,Others,0.00
cyw233,Others,0.00
ddhh,Others,0.00
divyagayathri-hcl,Others,0.00
dlakshminarayana,Broadcom,0.00
gpunathilell,Nvidia,0.00
gszxy,Others,0.00
harsgoll,Cisco,0.00
illia-kotvitskyi,Others,0.00
jefftant,Others,0.00
jongorel,Others,0.00
joolli,Others,0.00
julius-bcm,Broadcom,0.00
justin-wong-ce,Others,0.00
kaushiksrivatsav,Others,0.00
kheradmandG,Others,0.00
lfridlander,Others,0.00
matiAlfaro,Others,0.00
maunnikr-cisco,Others,0.00
mhen1,Nvidia,0.00
mikemallin,Others,0.00
mrafatpanah,Others,0.00
mukeshmv,Others,0.00
nagarwal03,Others,0.00
nareshkmr,Others,0.00
nsdesai123,Others,0.00
oleksandra-bella,Nvidia,0.00
opcoder0,Others,0.00
parth-opensrc,Others,0.00
pbrisset,Others,0.00
philtreF,Others,0.00
prasanna228,Others,0.00
rajib-dutta1,Others,0.00
rdjeric-arista,Others,0.00
rk946043,Broadcom,0.00
rkavitha-hcl,Others,0.00
rlebedys,Others,0.00
robertvolkmann,Others,0.00
sabakram,Others,0.00
santoss3,Cisco,0.00
sayedsaquibbrcm,Broadcom,0.00
scoopex,Others,0.00
sdszhang,Others,0.00
selvipal,Cisco,0.00
sharmasushant,Others,0.00
skr31,Nvidia,0.00
skumar041,Others,0.00
slicking,Others,0.00
smagarwal-arista,Others,0.00
vamsipunati,Others,0.00
vesuresh537,Others,0.00
vijaya-ops,Broadcom,0.00
vivekverma-arista,Others,0.00
vjardin,Others,0.00
vkjammala-arista,Others,0.00
vvolam,Others,0.00
w1nda,Others,0.00
weiguo-nvidia,Nvidia,0.00
wumiaont,Others,0.00
yanmo96,Others,0.00
yuazhe,Nvidia,0.00
zhixiongniu,Others,0.00
