sonic-mgmt,docs/testplan/ACL-Outer-Vlan-test-plan.md,bingwang-ms,2021-11-11T00:50:07Z
sonic-mgmt,docs/testplan/ACL-test-plan.md,yxieca,2020-04-30T17:16:31Z
sonic-mgmt,docs/testplan/BGP Convergence Testplan for single DUT.md,kamalsahu0001,2021-02-17T04:37:36Z
sonic-mgmt,docs/testplan/BGP IPv6 Over NLRI.md,Azarack,2023-12-20T18:29:14Z
sonic-mgmt,docs/testplan/BGP-Allow-List.md,pavel-shirshov,2021-01-08T21:48:23Z
sonic-mgmt,docs/testplan/BGP-Authentication.md,Azarack,2023-09-20T21:39:19Z
sonic-mgmt,docs/testplan/BGP-BBR.md,pavel-shirshov,2021-01-08T21:48:23Z
sonic-mgmt,docs/testplan/BGP-BGPMON.md,pavel-shirshov,2021-01-08T21:48:23Z
sonic-mgmt,docs/testplan/BGP-BGPSentinel.md,guangyao6,2023-08-15T15:13:11Z
sonic-mgmt,docs/testplan/BGP-Conformance-IxANVL.md,isgmano,2021-02-26T00:29:06Z
sonic-mgmt,docs/testplan/BGP-Convergence-Testplan-for-Benchmark-Performance.md,kamalsahu0001,2021-02-17T04:37:36Z
sonic-mgmt,docs/testplan/BGP-GR-helper-mode-test-plan.md,yxieca,2020-04-30T17:16:31Z
sonic-mgmt,docs/testplan/BGP-MP-test-plan.md,yxieca,2020-04-30T17:16:31Z
sonic-mgmt,docs/testplan/BGP-Passive_peering.md,Azarack,2023-10-30T17:20:25Z
sonic-mgmt,docs/testplan/BGP-Session-Flaps.md,Azarack,2023-03-28T16:58:24Z
sonic-mgmt,docs/testplan/BGP-Suppress-FIB-Pending-test-plan.md,echuawu,2023-05-24T07:50:59Z
sonic-mgmt,docs/testplan/BGP-TSA.md,pavel-shirshov,2021-01-08T21:48:23Z
sonic-mgmt,docs/testplan/BGP-Update-Timer.md,pavel-shirshov,2021-01-08T21:48:23Z
sonic-mgmt,docs/testplan/BGP-bounce-test-plan.md,OleksandrKozodoi,2021-01-28T18:12:50Z
sonic-mgmt,docs/testplan/BGP-queue-test-plan.md,prabhataravind,2023-08-07T21:03:28Z
sonic-mgmt,docs/testplan/CACL-function-test-plan.md,AndoniSanguesa,2021-08-04T23:19:53Z
sonic-mgmt,docs/testplan/CRM-test-plan.md,yxieca,2020-04-30T17:16:31Z
sonic-mgmt,docs/testplan/Chassis-everflow-test-plan.md,ysmanman,2022-10-11T00:39:58Z
sonic-mgmt,docs/testplan/Chassis-fabric-test-plan.md,ysmanman,2022-05-13T08:32:03Z
sonic-mgmt,docs/testplan/DHCP-Server-test-plan.md,kellyyeh,2022-04-14T22:14:54Z
sonic-mgmt,docs/testplan/Distributed-VoQ-Arch-test-plan.md,tcusto,2021-02-18T09:36:33Z
sonic-mgmt,docs/testplan/Downtime Convergence for various reboot scenarios.md,kamalsahu0001,2021-09-09T04:04:49Z
sonic-mgmt,docs/testplan/Everflow-test-plan.md,yxieca,2020-04-30T17:16:31Z
sonic-mgmt,docs/testplan/Extend_L3V6ACL_test_plan.md,packiasundar,2023-05-26T23:10:07Z
sonic-mgmt,docs/testplan/FWUtil-test-plan.md,alexrallen,2021-06-18T22:28:39Z
sonic-mgmt,docs/testplan/GCU-Dynamic-ACL-testplan.md,jongorel,2024-02-28T16:55:39Z
sonic-mgmt,docs/testplan/Generic-Hash-test-plan.md,congh-nvidia,2023-10-10T16:58:21Z
sonic-mgmt,docs/testplan/HTTP_copy-test-plan.md,AndoniSanguesa,2021-07-16T18:06:38Z
sonic-mgmt,docs/testplan/IPv4-Decapsulation-test.md,yxieca,2020-04-30T17:16:31Z
sonic-mgmt,docs/testplan/MACsec-test-plan.md,Pterosaur,2022-06-07T07:53:05Z
sonic-mgmt,docs/testplan/MPLS-test-plan.md,SijiJ,2022-05-05T23:49:09Z
sonic-mgmt,docs/testplan/Next-hop-split-test-plan.md,TACappleman,2021-10-09T07:11:02Z
sonic-mgmt,docs/testplan/OSPF-test-plan.md,asraza07,2024-01-26T17:36:18Z
sonic-mgmt,docs/testplan/Order-ECMP-test-plan.md,abdosi,2023-05-17T23:47:27Z
sonic-mgmt,docs/testplan/PFC-test-plan.md,SubhajitPalKeysight,2020-09-02T01:24:12Z
sonic-mgmt,docs/testplan/PFC_Congestion_Oversubscription_Test_Plan.md,kamalsahu0001,2024-02-22T07:20:59Z
sonic-mgmt,docs/testplan/PMON-Chassis-Enhancements-test-plan.md,rawal01,2021-01-15T07:29:43Z
sonic-mgmt,docs/testplan/PMON-Services-Daemons-test-plan.md,sujinmkang,2021-06-30T02:59:01Z
sonic-mgmt,docs/testplan/QoS-configuration-in-Config-DB.-ECN-WRED-configuration-utility-test-plan.md,yxieca,2020-04-30T17:16:31Z
sonic-mgmt,docs/testplan/QoS-remapping-for-Tunnel-traffic-test-plan.md,bingwang-ms,2022-07-28T01:23:25Z
sonic-mgmt,docs/testplan/SAG-test-plan.md,superchild,2023-06-15T02:07:19Z
sonic-mgmt,docs/testplan/SCP_copy-test-plan.md,aurghob,2021-09-21T13:30:10Z
sonic-mgmt,docs/testplan/SNMP-interfaces-test-plan.md,AndriiLozovyi,2021-02-17T21:47:18Z
sonic-mgmt,docs/testplan/SNMP-memory-test-plan.md,AndriiLozovyi,2021-02-17T21:47:18Z
sonic-mgmt,docs/testplan/SNMP-v2mib-test-plan.md,AndriiLozovyi,2021-02-17T21:47:18Z
sonic-mgmt,docs/testplan/SSH-ciphers-test-plan.md,diaryevil,2021-11-08T05:52:32Z
sonic-mgmt,docs/testplan/SSH-stress-test-plan.md,AndoniSanguesa,2021-09-15T18:24:52Z
sonic-mgmt,docs/testplan/VLAN-trunk-test-plan.md,yxieca,2020-04-30T17:16:31Z
sonic-mgmt,docs/testplan/chassis-lag-test-plan.md,oxygen980,2021-04-12T01:46:36Z
sonic-mgmt,docs/testplan/console/console_test_hld.md,Blueve,2021-02-25T02:38:33Z
sonic-mgmt,docs/testplan/dash/DASH-crm-test-plan.md,ppikh,2023-09-03T06:51:01Z
sonic-mgmt,docs/testplan/dash/Dash-ACL-Tag-test-plan.md,congh-nvidia,2024-01-19T01:56:47Z
sonic-mgmt,docs/testplan/dns/static-dns-test-plan.md,nhe-NV,2023-08-27T08:07:12Z
sonic-mgmt,docs/testplan/dual_tor/dual_tor_active_active_test_plan.md,lolyu,2022-04-07T08:33:11Z
sonic-mgmt,docs/testplan/dual_tor/dual_tor_muxcable_test_plan.md,vdahiya12,2022-03-30T02:21:36Z
sonic-mgmt,docs/testplan/dual_tor/dual_tor_orch_test_plan.md,prsunny,2021-02-26T23:04:54Z
sonic-mgmt,docs/testplan/dual_tor/dual_tor_test_hld.md,theasianpianist,2021-02-26T23:06:21Z
sonic-mgmt,docs/testplan/dual_tor/dual_tor_test_plan_action_items.md,theasianpianist,2021-02-26T23:06:21Z
sonic-mgmt,docs/testplan/duplicate-route-test-plan.md,prabhataravind,2024-01-25T22:16:08Z
sonic-mgmt,docs/testplan/ecn/ECN_ACCURACY_README.md,baiwei0427,2020-10-08T00:59:00Z
sonic-mgmt,docs/testplan/ecn/EGRESS_ECN_README.md,baiwei0427,2020-10-08T00:59:00Z
sonic-mgmt,docs/testplan/ip-interface/rif_loopback_action_testplan.md,nhe-NV,2022-08-08T12:34:46Z
sonic-mgmt,docs/testplan/pfc/GLOBAL_PAUSE_README.md,baiwei0427,2020-10-07T16:08:03Z
sonic-mgmt,docs/testplan/pfc/PFC_PAUSE_LOSSLESS_README.md,baiwei0427,2020-10-07T16:08:03Z
sonic-mgmt,docs/testplan/pfc/PFC_PAUSE_LOSSY_README.md,baiwei0427,2020-10-07T16:08:03Z
sonic-mgmt,docs/testplan/pfc/PFC_PAUSE_RESPONSE_HEADROOM_README.md,baiwei0427,2020-10-07T16:08:03Z
sonic-mgmt,docs/testplan/pfcwd/PFCWD_2SENDER_2RECEIVER.md,baiwei0427,2020-10-15T06:57:28Z
sonic-mgmt,docs/testplan/pfcwd/PFCWD_BASIC.md,baiwei0427,2020-10-15T06:57:28Z
sonic-mgmt,docs/testplan/syslog/Syslog_Source_IP_test_plan.md,JibinBao,2022-08-10T16:09:18Z
